,TOTAL MX
0,2248.28
1,568.4
2,226.2
4,0.0
5,0.0
8,0.01
9,0.0
10,5071.200000000001
11,185.0
12,556.8
13,2900.0
14,102.59
15,6199.92
16,5976.52
17,0.0
18,0.0
19,0.0
20,798.99
21,899.0
22,798.99
23,798.99
24,3146.0
25,296.96
26,327.12
28,580.0
29,0.0
30,0.0
31,4872.0
32,0.0
33,0.0
34,0.01
35,105.0
36,406.0
37,206.22
38,59.97
39,4461.6
40,696.0
41,599.26
43,173.1
44,236.57
45,1624.0
46,3509.87
48,417.6
49,1321.3799999999999
50,1300.39
52,2320.0
53,1956.92
55,0.0
56,234.54999999999998
57,99.0
58,112.33
59,0.0
60,0.0
62,4972.58
63,2379.1099999999997
64,2176.16
65,2176.16
66,1044.0
67,0.0
68,105.0
69,407.15999999999997
71,972.02
72,363.38
73,3219.0
74,991.8
75,378.45
76,2267.8
77,833.13
78,0.0
79,0.0
80,1086.8
81,0.0
82,2927.84
83,99.5
84,0.0
86,3224.2200000000003
87,0.0
88,0.0
89,0.0
90,0.0
91,123.02
92,4176.0
93,4640.0
94,1218.0
95,178.18
96,0.0
97,107.31
98,351.48
99,0.0
100,0.0
101,0.0
102,0.0
103,3446.33
106,0.0
107,97.26
108,522.0
109,309.02
110,2984.1
111,943.4399999999999
112,84.79
113,0.0
114,574.2
115,-696.0
116,0.0
117,1390.0
120,2668.0
121,264.75
122,0.0
125,0.0
126,0.0
127,336.12
128,2046.24
129,6182.01
130,398.99
131,319.29
132,140.0
133,0.0
134,0.0
135,0.0
138,1396.8400000000001
139,250.0
140,0.0
141,1300.23
142,900.03
143,1418.91
145,1531.2
146,0.0
148,3596.0
149,0.0
150,0.0
151,0.0
152,0.0
153,0.0
154,365.0
155,0.0
156,400.0
157,847.12
159,0.0
160,0.0
161,0.0
162,168.0
163,600.0
164,500.0
165,100.0
166,100.0
167,277.7
168,3790.88
169,4231.68
170,3044.49
172,2151.8
173,7145.6
174,2958.0
175,185.6
176,793.44
177,793.44
180,112.83
181,32.18
182,2273.74
183,0.0
184,0.0
185,2258.52
187,7292.34
189,1710.42
190,1997.61
191,6667.34
193,5684.0
194,2335.63
195,87.99
196,0.0
197,0.0
198,0.0
199,0.0
201,528.96
202,0.0
203,0.0
206,140.0
207,843.0
208,269.0
209,54.17
210,3962.61
211,200.0
212,186.76
213,5982.12
214,125.0
215,2610.0
216,0.0
217,398.99
218,125.0
219,0.0
220,1544.08
221,1067.99
222,2289.01
223,435.0
225,0.0
226,0.0
227,99.9
228,0.0
229,733.82
230,2630.88
231,0.0
232,1183.2
233,794.17
234,1117.38
235,2084.0
236,0.0
237,991.8
238,532.64
239,3596.0
240,22.0
241,22.0
242,165.95
243,305.34000000000003
244,0.0
245,3549.6
246,0.0
247,324.0
248,0.0
249,1113.6
250,52.7
251,1508.0
252,29.0
253,100.0
254,0.0
255,494.15999999999997
256,980.0500000000001
257,96.51
258,2365.4700000000003
259,1501.04
260,0.0
262,105.0
263,2024.32
264,2699.09
265,200.0
266,3981.45
267,3950.8500000000004
268,194.0
269,2057.54
270,0.0
271,0.0
272,0.0
273,0.0
274,0.0
275,125.87
276,1856.0
277,4151.99
278,542.2
279,0.0
280,1944.45
281,810.26
282,0.0
283,1024.51
284,282.34000000000003
285,1139.28
286,511.42
287,1276.0
288,6925.34
289,0.0
291,1000.0
292,0.0
293,121.8
294,0.0
295,5800.0
296,2402.07
297,178.27
300,32.94
301,0.0
302,0.0
303,1241.2
305,0.0
306,0.0
307,0.0
308,600.0
309,0.0
310,43.93
311,2850.12
312,1000.1700000000001
313,240.12
314,130.5
315,0.0
316,0.0
317,0.01
318,105.0
320,568.4
321,226.2
322,1169.15
324,-1558.71
325,-249.39000000000001
326,6199.92
327,5976.52
328,4257.75
329,3401.7
330,152.98999999999998
331,4902.33
332,0.0
333,0.0
334,0.0
335,0.0
336,0.0
337,0.0
338,3946.25
339,860.96
340,2981.0299999999997
341,792.06
342,4872.0
343,2389.77
345,678.6
346,1450.0
347,475.6
348,0.0
349,7492.4400000000005
350,2208.64
352,0.0
353,0.01
354,475.6
355,1218.0
357,3952.51
358,530.12
359,81.03
360,115.57
362,790.0
363,780.0
364,1866.21
365,162.4
366,2081.04
367,1392.0
368,0.0
369,0.0
370,6676.050000000001
371,1845.9299999999998
372,-3224.2200000000003
373,5498.4
374,174.0
375,5574.68
377,178.46
378,225.04
380,100.0
381,0.0
382,22.0
383,22.0
384,538.24
385,266.8
387,3161.87
388,1321.3799999999999
389,485.24
390,1241.2
391,538.24
392,1073.0
393,1502.66
394,4408.0
395,3194.18
396,100.0
397,883.76
398,3522.2200000000003
399,1392.0
401,2387.2799999999997
402,134.0
403,70.0
404,2320.48
405,899.0
406,798.99
407,798.99
408,798.99
409,417.6
410,313.2
411,2267.8
412,1149.6
413,2204.0
414,-68.4
415,-1149.6
416,1199.9
417,469.8
418,0.0
419,650.01
421,0.0
422,168.2
424,173.24
425,125.28
426,150.0
427,0.0
428,730.0
429,920.01
430,522.0
431,104.4
432,1981.06
433,150.8
434,0.0
435,2704.8900000000003
436,3813.33
437,132.24
438,2830.4
439,0.0
440,0.0
441,0.0
442,2828.08
443,0.0
444,0.01
445,70.0
446,0.0
447,72.0
448,131.97
449,500.0
450,2176.79
451,4724.97
452,250.0
453,44.410000000000004
454,384.89
455,5498.4
456,59.58
457,4640.0
458,1286.81
459,815.02
460,366.94
462,236.57
463,794.31
464,516.2
469,874.2
470,1725.28
471,3410.4
472,0.0
475,-522.0
476,210.0
477,55.0
478,3691.7
479,267.0
480,100.0
481,22.48
482,75.95
483,4540.704
484,22.0
485,4263.0
487,70.0
488,0.0
489,0.0
490,313.42
491,398.99
492,0.0
493,100.0
494,0.0
495,86.74
496,936.12
497,3146.0
498,3695.76
499,895.52
500,3737.6099999999997
501,6322.4800000000005
502,6567.13
503,6330.75
504,1936.04
508,0.0
509,4888.24
510,630.11
511,6612.0
512,0.0
513,0.0
514,0.0
515,0.0
516,0.0
517,4604.04
518,7905.4
519,101.86
520,632.2
521,25.62
522,2204.0
523,346.09
529,3656.32
530,1828.16
531,1624.0
532,1409.4
533,612.04
534,923.36
535,0.0
537,681.0
539,6606.78
540,1906.6
541,0.0
542,7493.59
543,391.5
544,3557.15
545,177.78
546,0.0
547,0.0
548,921.68
549,7258.130000000001
550,0.0
552,1382.7
553,118.61
554,5223.13
555,2119.84
556,174.0
557,160.07999999999998
558,3492.18
559,1172.76
560,0.0
563,781.38
565,359.6
566,2784.0
567,1508.0
568,580.0
569,0.0
570,1300.15
571,537.9946
572,1818.88
573,359.79
574,1151.81
575,1014.1899999999999
576,0.0
577,2494.0
579,0.0
580,0.0
581,0.0
582,398.99
583,0.0
584,820.0
585,1378.08
586,0.0
587,269.78999999999996
588,0.0
589,116.26
590,0.0
591,517.94
592,0.0
593,417.6
595,1133.69
596,0.0
597,621.44
599,3699.24
600,0.0
601,0.0
602,0.0
603,296.96
604,125.0
605,0.0
606,0.0
608,70.0
609,0.0
610,348.0
611,100.0
612,580.0
613,363.20000000000005
614,500.0
617,3549.6
618,719.2
619,2039.28
620,2237.64
622,2925.06
624,99.0
625,330.37
626,0.0
627,0.0
628,3712.0
629,4151.99
630,0.0
631,2066.75
632,2289.01
633,275.0
634,1346.64
635,893.2
636,121.57
637,7258.070000000001
639,100.0
641,560.28
642,0.0
644,1974.7600000000002
645,829.33
646,342.21000000000004
648,748.2
649,0.0
651,140.0
652,95.0
653,5685.849999999999
654,827.0
655,3111.99
656,240.12
657,1034.67
658,568.4
659,243.6
660,0.0
661,105.0
662,0.0
664,0.01
665,2100.06
666,0.0
667,0.0
669,847.5899999999999
670,0.0
671,580.0
672,0.0
673,3323.4
674,2371.04
675,571.37
676,676.72
677,0.0
678,2119.84
679,4872.0
680,0.0
681,487.2
682,615.26
683,1264.4
684,4575.62
685,208.8
686,281.0
687,1590.16
688,33.64
689,2985.84
691,0.01
692,360.0
693,1624.0
694,303.34000000000003
696,3149.98
697,155.0
698,575.48
699,0.0
700,6199.92
701,5976.52
702,6914.75
703,144.0
704,7348.0
706,147.0
707,0.0
708,870.01
709,118.88
710,1486.75
712,704.12
713,0.0
715,997.6
716,1981.06
717,135.78
718,1233.66
719,5637.6
720,67.34
721,1669.47
722,371.2
723,0.0
724,0.0
725,590.6999999999999
726,0.0
727,310.06
728,0.0
729,2554.32
730,876.43
731,784.82
732,784.82
733,784.82
734,2163.5299999999997
735,2998.6
736,0.0
737,0.0
738,125.5
739,3575.76
740,3540.32
741,600.0000000000001
742,1778.28
743,0.0
744,452.4
745,81.11
746,1050.0
747,1321.3799999999999
748,175.0
749,1241.2
750,230.63
752,0.0
753,4130.95
754,0.01
755,1809.6
756,4640.0
757,2050.9399999999996
758,125.41
759,465.0
760,891.82
761,1409.4
762,2839.68
763,6131.76
764,0.0
765,178.0
766,375.67
767,4904.48
768,3161.7
769,7905.4
770,311.6
771,580.0
772,4269.96
773,2728.32
774,0.0
775,0.0
776,0.0
777,0.0
778,1906.67
779,7258.03
780,0.0
781,320.74
783,0.0
784,0.0
785,0.0
786,205.72
788,854.92
789,0.0
790,423.17
791,983.33
792,3155.7799999999997
793,5052.96
794,2606.52
795,1512.6399999999999
796,1131.0
797,5684.0
798,5928.59
800,0.0
801,200.0
802,42.92
803,945.31
804,700.0
805,0.0
806,0.0
807,0.0
808,479.91
810,107.31
811,2876.8
812,4849.2
813,2943.5
815,0.0
816,0.0
817,104.11
818,649.6
819,2826.46
820,301.58000000000004
821,391.92999999999995
822,6348.0
823,175.0
824,0.0
825,0.0
826,0.0
827,1044.0
828,0.0
829,0.0
830,3540.32
831,1624.0
834,247.52
835,2951.04
836,2088.0
837,395.56
838,2540.69
839,0.0
840,1701.72
841,2706.2799999999997
843,406.0
844,1512.6399999999999
845,754.0
846,1160.0
847,0.0
848,340.28
849,22.0
850,2505.6
851,7258.05
853,0.0
855,1789.62
856,3567.87
858,273.16
859,107.31
860,7864.8
861,6107.63
862,1327.04
863,187.92000000000002
864,1502.66
868,2784.0
869,245.0
870,391.92999999999995
871,0.0
872,0.0
873,0.0
874,0.0
877,4910.28
878,5199.12
881,0.0
882,2523.42
883,1387.89
884,471.79
885,18.56
886,18.56
888,0.0
889,1529.51
890,2030.0
891,290.0
892,620.6
893,1533.52
894,1392.0
895,1249.32
896,0.0
897,2088.0
898,254.06
899,157.48
900,684.4
901,2020.72
902,0.0
903,843.3199999999999
904,125.0
905,210.21
906,882.06
907,511.0
910,70.0
911,552.16
912,70.85
913,4790.8
914,4151.99
915,3164.48
916,943.6300000000001
917,1142.63
918,600.0
919,2052.58
920,2248.42
921,0.0
922,1695.81
923,272.13
924,7653.93
928,2373.51
931,1912.9
932,0.0
933,0.0
934,18.53
935,239.04
936,1113.6
937,0.0
938,0.0
939,70.0
940,2137.53
941,352.32000000000005
942,942.5
944,0.0
945,571.0
949,193.44
950,5685.849999999999
951,0.0
952,2655.0699999999997
953,1089.4
954,469.8
956,4962.48
957,4766.5
958,4766.5
959,0.0
961,278.24
962,2262.0
963,0.01
964,105.0
965,64.83
967,0.0
968,150.8
969,1735.01
970,7198.82
971,7258.0599999999995
972,1287.6
975,306.96000000000004
976,399.63
977,4872.0
978,2606.52
982,113.05000000000001
983,0.0
984,510.01
985,568.4
986,226.2
987,0.0
988,5220.0
989,0.0
990,1214.32
991,18.32
992,754.0
993,3456.0
994,860.72
995,4141.2
996,3.55
997,0.0
998,0.0
999,691.36
1000,876.43
1001,784.82
1002,784.82
1003,784.82
1004,6199.92
1005,5976.52
1006,6348.0
1007,0.0
1008,4766.5
1009,0.0
1010,230.63
1011,0.0
1012,0.0
1013,0.0
1014,3535.68
1015,1321.3799999999999
1016,0.0
1017,975.0
1018,0.0
1019,0.0
1020,4640.0
1021,514.0
1022,0.0
1023,0.0
1024,0.0
1025,0.0
1026,200.22
1027,391.92999999999995
1028,335.39
1029,0.0
1030,0.0
1031,0.0
1032,232.0
1033,1798.0
1034,2685.4
1035,0.0
1036,1467.63
1037,7258.0599999999995
1038,5425.83
1042,2.9
1043,0.0
1044,1906.67
1045,1143.88
1046,5080.8
1048,2226.75
1050,1671.27
1051,0.0
1052,0.0
1053,3071.1
1054,6709.29
1056,0.0
1057,0.0
1058,0.0
1059,0.0
1060,0.0
1061,1666.92
1062,2753.84
1063,0.0
1064,0.0
1065,0.0
1066,1552.0
1067,553.01
1068,3719.7
1069,0.0
1070,0.0
1071,3190.0
1072,7770.84
1073,67.33
1074,979.02
1075,981.36
1076,0.0
1077,113.04
1078,5799.889999999999
1079,2738.13
1080,382.81
1081,0.0
1082,0.0
1083,124.27
1084,202.8
1085,0.0
1086,413.54
1087,5265.9400000000005
1088,7258.0599999999995
1089,184.5
1092,0.0
1093,3480.0
1094,1648.09
1095,945.42
1096,945.42
1097,391.92999999999995
1099,3301.77
1100,0.0
1101,0.0
1103,690.11
1104,7731.86
1105,7166.71
1106,1160.0
1107,0.0
1108,2248.42
1109,0.0
1110,0.0
1111,0.0
1112,0.0
1113,2052.58
1114,625.24
1115,11.48
1116,67.35
1117,0.0
1118,6914.51
1120,290.0
1121,55.29
1123,950.11
1124,0.0
1126,105.0
1127,4918.4
1128,2349.99
1130,1669.0
1131,4685.0
1132,279.0
1133,0.0
1134,5000.0
1135,4790.8
1136,0.0
1137,1098.27
1138,0.0
1139,232.0
1140,2965.71
1141,22.0
1142,0.0
1143,0.0
1144,4100.0
1145,568.4
1146,330.6
1147,269.8
1148,0.0
1149,0.0
1150,6199.92
1151,5976.52
1153,39.7
1154,0.0
1156,0.0
1157,0.0
1158,0.01
1159,798.99
1160,899.0
1161,798.99
1162,798.99
1163,5000.01
1164,2247.27
1165,2998.6
1166,4389.02
1167,3348.0
1171,157.0
1172,0.01
1173,0.0
1174,0.0
1175,0.0
1176,0.0
1177,195.99
1178,2750.36
1179,0.0
1182,1321.3799999999999
1183,80.16
1184,0.0
1185,0.0
1186,1160.0
1187,113.77
1188,18.65
1190,0.0
1191,236.57
1192,4090.74
1193,0.0
1194,0.0
1195,0.0
1196,0.0
1197,0.0
1198,0.0
1199,395.68
1200,0.0
1201,0.0
1202,-2070.1
1203,-1178.57
1204,86.0
1205,733.6800000000001
1206,396.72
1207,495.0
1208,274.48
1209,3060.76
1210,0.0
1211,0.0
1212,0.0
1213,0.0
1214,5406.39
1215,-1170.55
1216,1178.57
1217,5307.41
1218,1276.0
1219,1044.0
1220,4640.0
1221,253.14
1223,202.8
1224,3357.12
1226,1680.6499999999999
1227,240.11
1228,398.99
1230,0.0
1231,2731.2200000000003
1232,0.0
1233,0.0
1237,79.09
1238,696.0
1240,0.0
1241,0.0
1242,0.0
1244,173.70000000000002
1245,3596.0
1246,1856.0
1247,0.0
1248,2227.56
1249,2856.41
1250,226.32
1251,951.2
1252,1062.57
1253,3336.55
1254,1189.0
1255,0.0
1256,0.0
1257,0.0
1258,0.0
1259,0.0
1260,7.99
1261,0.0
1262,0.0
1263,7468.92
1264,1999.0
1266,210.0
1267,405.42
1268,13.35
1269,3700.7000000000003
1271,0.0
1272,2218.07
1273,323.98
1274,22.0
1275,305.34000000000003
1277,1276.0
1278,0.0
1279,94.06
1280,398.99
1281,1085.76
1282,0.0
1283,2066.75
1284,2289.01
1285,125.0
1286,51.89
1287,419.0
1288,132.26
1289,4874.95
1290,1044.6399999999999
1291,2861.52
1292,0.0
1293,0.0
1294,217.2
1295,3434.76
1296,905.96
1297,205.0
1298,3348.0
1299,1583.0
1300,1264.0
1301,113.0
1302,113.0
1303,0.0
1304,0.0
1305,0.0
1306,150.0
1307,303.02000000000004
1308,614.6
1309,3700.7000000000003
1312,64.0
1313,0.0
1314,0.0
1315,648.82
1316,219.59
1317,2372.57
1318,0.0
1319,748.22
1321,100.84
1322,107.31
1324,2000.0
1325,4942.08
1327,91.94
1328,5685.849999999999
1329,192.08
1330,1350.01
1331,1900.0
1332,568.4
1333,0.0
1334,0.0
1335,0.0
1336,0.0
1337,0.0
1338,0.0
1339,0.01
1340,6500.0
1341,1392.0
1342,0.0
1343,0.0
1344,0.0
1345,0.0
1346,1115.18
1347,116.0
1348,302.85999999999996
1349,998.76
1350,348.0
1351,0.0
1352,3336.55
1353,1450.0
1354,202.8
1355,43.5
1356,6264.0
1357,338.08
1358,338.08
1359,175.0
1360,0.0
1361,0.0
1362,0.0
1363,18.14
1364,4593.6
1365,3410.4
1366,0.0
1367,0.0
1368,0.0
1369,5202.6
1370,3416.1
1371,0.0
1374,0.0
1375,1840.99
1376,141.4
1378,550.6800000000001
1379,500.0
1380,66.61
1381,0.0
1382,35.0
1386,1931.15
1387,2446.7200000000003
1388,549.01
1389,241.87
1390,899.0
1392,2998.6
1393,696.0
1394,0.0
1395,0.0
1396,3833.0
1397,3348.0
1398,5359.2
1399,275.92
1400,42.660000000000004
1401,0.0
1402,1468.56
1403,1321.3799999999999
1404,0.0
1405,3248.0
1406,5242.75
1407,950.04
1408,0.0
1409,0.0
1410,117.03
1411,1874.42
1412,3486.73
1413,2320.0
1415,2273.6
1416,1734.1200000000001
1417,13.86
1418,19.82
1419,2463.61
1421,1875.89
1422,406.0
1423,288.14
1424,0.0
1425,4621.26
1427,0.0
1428,0.0
1429,1287.6
1430,6252.4
1431,696.0
1432,16.54
1433,0.0
1434,1156.25
1435,1853.25
1437,0.0
1438,0.0
1439,4348.0
1440,0.0
1441,4524.93
1442,4683.62
1443,2929.7
1444,1136.8
1446,4640.0
1447,34.67
1449,2039.05
1450,3836.13
1451,820.41
1452,4284.25
1453,3271.2
1454,140.0
1455,3329.2
1456,1566.0
1457,0.0
1458,0.0
1459,15.219999999999999
1460,1617.5
1461,0.0
1462,0.0
1463,0.0
1464,3176.89
1465,5063.02
1467,4811.68
1468,5008.44
1469,872.36
1470,1702.9
1471,0.0
1472,0.0
1473,0.0
1475,7559.96
1476,275.44
1477,218.14000000000001
1478,0.0
1480,7099.2
1481,509.99
1482,2200.0
1483,140.0
1484,453.56
1485,0.0
1486,0.0
1487,227.0
1488,0.0
1489,2644.8
1490,0.0
1491,4393.15
1492,255.26000000000002
1493,497.64
1494,0.0
1495,2348.0
1496,1276.0
1498,3306.0
1499,323.57
1501,398.99
1502,2756.16
1503,146.81
1504,208.8
1505,603.2
1506,310.01
1507,310.01
1508,267.0
1509,0.0
1510,5724.6
1511,3938.2
1512,84.3
1513,98.13999999999999
1514,355.59000000000003
1515,0.0
1516,3248.31
1517,0.0
1518,5685.35
1522,0.0
1523,0.0
1524,6960.0
1525,255.2
1526,1453.79
1527,128.19
1528,1633.74
1529,2372.57
1530,1666.75
1532,1239.46
1533,452.4
1535,80.00999999999999
1536,1740.0
1537,2504.21
1538,0.0
1539,1160.0
1540,11.1
1541,0.0
1542,683.03
1543,0.0
1544,1870.96
1545,2350.0
1546,140.0
1547,0.0
1548,6264.0
1549,6264.0
1550,5348.0
1552,300.0
1553,219.93
1554,2273.6
1555,4685.0
1556,1083.18
1557,1740.0
1558,2021.94
1559,0.0
1561,496.48
1562,0.0
1563,0.0
1565,189.8
1566,59.57
1567,22.0
1569,464.0
1570,844.48
1571,0.0
1572,0.0
1573,5265.24
1574,4857.21
1575,6170.299999999999
1576,317.78
1578,0.0
1579,235.48999999999998
1580,143.0
1581,22.0
1582,191.47
1583,0.0
1584,5568.78
1585,3445.2
1586,389.76
1587,651.46
1588,80.0
1589,568.4
1590,121.8
1591,6186.39
1593,210.4
1594,2360.63
1595,0.0
1596,0.0
1598,7261.6
1599,2998.6
1600,1067.2
1601,348.3
1602,175.0
1603,448.59000000000003
1604,539.28
1605,4081.5
1606,5551.77
1607,5551.75
1608,1210.02
1610,0.0
1611,4766.5
1612,2262.0
1613,0.0
1614,4.67
1615,1809.6
1616,0.0
1617,2888.2400000000002
1618,0.0
1619,0.0
1620,698.0
1621,0.0
1622,6324.1900000000005
1623,0.0
1624,6960.0
1625,1160.0
1626,1900.0
1627,230.63
1629,199.51
1630,16.0
1631,3765.31
1632,53.0
1633,0.0
1634,0.0
1635,452.4
1636,178.0
1637,633.65
1638,928.0
1639,0.0
1640,5980.0
1641,87.43
1642,22.0
1643,0.0
1644,130.5
1646,0.0
1647,1321.3799999999999
1648,742.4
1649,6734.5
1651,0.0
1652,0.0
1653,0.0
1654,2470.8
1655,552.16
1656,1740.0
1657,5220.0
1658,3408.37
1659,622.08
1660,2793.52
1661,83.23
1662,157.49
1663,599.3299999999999
1665,0.0
1666,0.0
1668,5348.0
1669,0.0
1670,200.0
1672,599.0
1673,0.0
1674,0.0
1675,0.0
1676,218.13
1677,643.73
1678,638.0
1679,348.0
1680,3792.5
1683,870.0
1684,0.0
1685,0.0
1686,0.0
1687,189.85999999999999
1688,82.0
1689,244.42000000000002
1690,5920.650000000001
1692,2764.98
1694,2307.24
1695,103.80000000000001
1696,5737.41
1697,129.92000000000002
1698,2020.0
1699,6960.0
1700,509.24
1701,5980.96
1702,615.26
1703,175.0
1705,700.0
1706,185.62
1707,1825.6399999999999
1708,1825.6399999999999
1709,1825.6399999999999
1710,1630.09
1711,1630.09
1712,1825.6399999999999
1713,1825.6399999999999
1714,1825.6399999999999
1715,1630.09
1716,1825.6399999999999
1717,1825.6399999999999
1718,1825.6399999999999
1719,1630.09
1720,1630.09
1721,-1630.09
1722,-1825.6399999999999
1723,-1630.09
1724,-1825.6399999999999
1725,-1825.6399999999999
1726,-1825.6399999999999
1727,-1630.09
1728,-1825.6399999999999
1729,-1825.6399999999999
1730,-1630.09
1731,-1630.09
1732,-1825.6399999999999
1733,-1825.6399999999999
1734,-1825.6399999999999
1735,5000.01
1736,2401.2
1737,1392.0
1738,4627.99
1739,401.36
1741,6735.53
1742,2320.0
1744,2231.58
1746,727.5600000000001
1747,3597.99
1748,445.52
1749,174.02
1750,2900.0
1751,1450.0
1752,1809.6
1754,7621.2
1755,1341.8899999999999
1756,6867.78
1757,1339.8
1758,762.7
1759,5348.0
1760,0.0
1761,300.0
1762,150.0
1763,200.0
1764,128.02
1765,0.0
1766,1450.0
1767,305.34000000000003
1768,140.0
1769,0.0
1770,210.0
1771,0.0
1772,179.70000000000002
1773,36.0
1774,267.0
1775,170.0
1776,1513.8
1777,1995.2
1779,300.0
1780,530.79
1781,300.0
1782,2296.8
1783,391.33000000000004
1784,1446.08
1785,0.0
1786,0.0
1787,0.0
1788,0.0
1789,0.0
1790,5757.3099999999995
1791,3825.77
1792,1392.0
1793,1667.72
1794,10.72
1795,139.0
1796,306.24
1797,1160.0
1799,126.58000000000001
1800,6515.0199999999995
1801,6857.219999999999
1802,0.0
1803,0.0
1804,1503.3600000000001
1805,417.6
1806,924.52
1807,1915.16
1808,7.6
1809,1809.6
1810,391.92999999999995
1811,0.0
1812,6902.09
1814,3616.88
1815,4547.2
1816,464.0
1817,7200.4400000000005
1819,758.0
1820,1548.92
1821,626.0400000000001
1823,505.76
1824,1740.0
1825,4321.0
1827,358.96
1829,0.0
1830,0.0
1831,0.0
1832,0.0
1833,0.0
1834,0.0
1835,0.0
1836,0.0
1837,0.0
1838,0.0
1839,0.0
1840,1659.69
1841,0.0
1842,2906.98
1843,0.0
1844,5255.3099999999995
1845,5507.5599999999995
1847,0.0
1848,0.0
1849,0.0
1850,140.0
1851,0.0
1853,765.6
1854,3016.0
1855,0.0
1856,1310.22
1860,100.0
1861,78.0
1862,3950.0
1863,0.0
1864,300.0
1865,500.0
1866,362.93
1867,300.0
1868,189.15
1869,1574.82
1871,4092.9
1872,1786.4
1873,120.06
1874,0.0
1875,0.0
1876,341.33
1877,3348.0
1878,3348.0
1879,2116.05
1880,0.0
1881,0.0
1882,480.21999999999997
1883,232.0
1884,18.35
1885,4060.0
1886,974.4
1888,271.44
1889,0.0
1890,934.0300000000001
1891,45.94
1892,1489.44
1893,3860.19
1894,881.14
1895,1757.4
1896,1410.6999999999998
1897,1740.0
1898,201.84
1899,754.0
1900,331.83
1901,284.65
1902,2088.0
1903,5307.06
1904,4685.0
1905,1840.2
1906,626.4
1907,7403.610000000001
1909,1472.1599999999999
1910,6680.38
1912,-1410.6999999999998
1913,2942.44
1914,232.01
1917,705.3499999999999
1918,-705.3499999999999
1919,0.0
1920,0.0
1921,555.03
1923,21.310000000000002
1924,4085.42
1925,0.0
1926,17.99
1927,144.0
1929,0.0
1930,568.4
1931,504.6
1933,6439.6
1934,6440.299999999999
1935,2837.0
1936,-2837.0
1937,1450.0
1938,2615.8
1939,350.32
1940,243.6
1941,6960.0
1942,1154.2
1943,0.0
1944,278.86
1945,598.25
1946,0.0
1947,1042.49
1948,792.4
1949,730.8
1950,2784.0
1951,3709.33
1952,448.92
1953,0.0
1954,0.0
1955,568.4
1956,504.6
1957,0.0
1958,0.0
1959,0.0
1960,0.0
1961,0.0
1962,1199.0
1963,1498.0
1966,0.0
1967,300.0
1968,0.01
1969,0.01
1970,1669.47
1971,0.0
1972,4062.32
1973,185.6
1974,76.56
1975,549.01
1976,2559.4399999999996
1977,2403.76
1978,114.2
1979,4766.5
1980,580.0
1981,0.0
1982,186.69
1983,2868.6699999999996
1984,6188.6
1985,30.02
1986,7024.08
1989,2900.0
1990,458.2
1991,2387.65
1992,46.19
1993,313.2
1994,300.0
1995,1020.8
1996,236.57
1998,0.0
1999,0.0
2000,0.0
2001,304.38
2002,211.12
2003,0.0
2004,50.0
2005,178.0
2006,4393.15
2007,440.01
2008,0.0
2009,60.87
2010,0.0
2011,0.0
2012,82.0
2013,0.0
2014,328.57
2015,1321.3799999999999
2016,6867.78
2017,180.0
2018,0.0
2019,5175.68
2020,282.0
2021,499.38
2022,827.08
2023,0.0
2024,1508.0
2025,0.0
2026,632.0
2027,185.38
2028,1999.0
2029,0.0
2031,0.0
2032,960.0
2033,322.6
2034,0.0
2036,0.0
2037,2726.0
2038,22.92
2039,103.09
2040,339.3
2041,183.28
2042,1881.87
2043,4724.4800000000005
2044,0.0
2045,399.0
2047,91.78
2048,336.4
2049,7003.61
2050,6291.530000000001
2052,1136.8
2053,7232.6
2054,1958.09
2055,280.56
2056,6420.6
2058,1137.64
2060,0.0
2061,0.0
2062,2320.0
2063,5000.0
2066,200.0
2067,177.75
2068,284.32
2070,0.0
2071,216.0
2072,0.0
2073,3234.08
2074,0.0
2075,0.0
2076,300.01
2077,123.0
2078,0.0
2079,4063.77
2080,0.0
2081,1929.02
2083,0.0
2084,24.42
2085,1044.0
2086,123.17
2087,408.32
2088,0.0
2089,4154.110000000001
2090,925.19
2092,1856.0
2093,829.4
2094,450.0
2095,300.0
2096,716.88
2097,28.63
2098,5112.76
2100,4063.77
2101,6500.18
2102,0.0
2103,6846.09
2104,7692.0
2106,150.0
2107,1900.0
2108,0.0
2109,2060.35
2110,124.82
2113,0.0
2114,0.0
2116,0.0
2117,257.82
2118,398.99
2119,0.0
2120,0.0
2121,0.0
2122,144.0
2124,2053.2
2125,700.0
2126,275.28
2128,0.0
2129,0.0
2130,2822.43
2131,0.0
2132,2786.32
2133,0.0
2135,300.0
2136,73.36
2137,2030.0
2138,50.0
2139,1397.75
2140,0.0
2141,5730.4
2142,5730.4
2143,807.94
2144,542.65
2145,42.870000000000005
2146,2433.78
2147,3770.0
2148,150.0
2149,7149.68
2150,178.0
2152,696.0
2153,160.51999999999998
2154,0.0
2155,1464.54
2156,836.12
2157,5307.06
2160,931.48
2162,0.0
2163,0.0
2164,1773.46
2165,2900.0
2166,366.5
2167,3609.92
2169,348.0
2170,500.0
2171,387.09999999999997
2172,161.6
2173,1418.15
2174,303.92
2175,4751.01
2176,131.1
2177,267.96
2178,144.0
2180,5800.0
2181,0.0
2182,4613.24
2183,2814.83
2184,778.13
2185,2928.66
2186,0.0
2187,3771.45
2188,0.0
2189,2850.0
2191,2296.8
2192,0.0
2193,0.0
2195,0.0
2196,53.709999999999994
2197,568.4
2198,0.0
2199,5588.0
2200,0.0
2201,0.0
2202,0.0
2203,575.49
2204,194.91
2205,643.8
2206,2262.0
2207,1508.0
2208,129.45999999999998
2209,776.74
2210,0.0
2211,58.32000000000001
2212,127.6
2213,6496.0
2214,1449.44
2215,2505.6
2216,6439.6
2217,6440.299999999999
2218,687.3800000000001
2219,0.0
2220,0.0
2221,0.0
2222,0.0
2223,5410.24
2224,0.0
2225,96.0
2226,630.11
2227,2923.2
2228,348.0
2229,1479.0
2230,986.0
2231,0.0
2232,172.95999999999998
2234,0.0
2235,0.0
2236,7644.45
2239,0.0
2240,6499.0
2241,-776.74
2242,-129.45999999999998
2243,208.28
2244,0.0
2245,1986.95
2246,211.42
2247,53.0
2248,241.33
2249,689.04
2250,549.01
2251,2561.91
2255,0.0
2256,3751.44
2257,348.0
2258,0.01
2259,0.01
2260,3059.96
2261,3306.0
2262,425.02
2263,0.0
2264,250.0
2265,350.0
2266,1200.0
2267,411.85
2268,457.98
2270,7103.7
2271,144.0
2272,4766.66
2273,4471.8
2274,92.36
2275,17.62
2276,1107.8
2277,96.46
2278,742.4
2279,0.0
2280,6635.2
2281,385.12
2282,1400.65
2283,452.4
2284,5161.540000000001
2285,1924.3200000000002
2286,750.04
2288,4150.0
2290,0.01
2291,556.8
2292,1000.0
2293,200.0
2294,215.48
2295,3132.0
2296,22.0
2297,305.34000000000003
2298,3828.0
2299,0.0
2300,398.15000000000003
2301,1998.6000000000001
2302,108.34
2304,139.97
2305,3323.4
2306,420.63
2307,994.18
2308,6675.299999999999
2309,147.0
2310,567.47
2312,0.0
2313,0.0
2315,169.66
2316,2300.0
2317,6349.200000000001
2318,0.0
2319,0.0
2320,160.23
2321,3131.8
2322,454.70000000000005
2325,430.69
2326,5609.82
2327,1916.22
2328,0.0
2329,0.0
2330,24.3
2331,4176.0
2332,365.4
2333,180.0
2334,0.0
2335,0.0
2336,6842.84
2337,4275.76
2338,2639.0
2339,93.09
2340,4192.7
2341,167.04
2342,399.0
2343,2320.0
2344,1920.0
2345,0.0
2346,0.0
2348,6960.0
2349,2563.5899999999997
2350,200.0
2351,77.66999999999999
2352,436.62
2353,309.07
2354,0.0
2355,229.68
2356,1566.0
2357,29.8
2358,345.0
2360,195.0
2361,1044.0
2362,0.0
2363,0.0
2364,4.08
2365,1026.6
2366,0.0
2367,0.0
2368,1862.96
2369,3812.69
2370,649.6
2371,73.86
2373,4872.0
2375,0.0
2376,0.0
2377,2112.3
2378,72.23
2379,945.42
2380,397.95
2383,3149.4
2384,3480.0
2385,3771.45
2386,0.0
2387,33.43
2389,144.0
2390,28.65
2391,162.4
2392,185.6
2393,52.06
2394,24.41
2395,4732.8
2396,2053.2
2397,7816.8
2398,94.94
2399,4180.35
2400,5878.21
2401,754.02
2403,580.0
2404,3688.8
2405,1238.88
2406,721.0300000000001
2407,250.0
2408,3628.48
2409,0.0
2410,0.0
2411,0.0
2412,0.0
2413,2610.0
2414,4245.6
2415,269.88
2416,224.70000000000002
2417,398.99
2418,406.0
2419,3062.4
2420,217.14999999999998
2421,0.0
2422,1578.5
2423,459.16999999999996
2424,3770.0
2425,7703.7300000000005
2426,156.1
2427,3944.0
2428,0.0
2431,1656.48
2432,2059.77
2433,1586.05
2435,1862.96
2436,1095.97
2437,0.0
2438,2670.87
2439,0.0
2441,2738.76
2442,6349.200000000001
2443,144.0
2444,1125.2
2445,32.35
2446,62.53
2447,575.36
2448,1962.48
2449,0.0
2450,0.0
2451,0.0
2452,0.0
2453,1670.4
2454,524.78
2456,5015.38
2457,0.0
2458,0.0
2459,83.4
2460,649.6
2461,487.2
2463,0.0
2464,4093.48
2465,306.94000000000005
2466,1876.56
2467,525.48
2469,3827.42
2470,2970.44
2471,-4772.03
2472,2436.0
2474,6252.4
2475,219.26000000000002
2476,4739.76
2477,1550.0
2478,3406.92
2479,120.18
2480,2267.8
2481,0.0
2482,1765.52
2484,0.99
2486,201.34
2487,607.7800000000001
2488,4817.97
2489,0.0
2490,0.0
2491,0.01
2494,168.0
2495,6439.6
2496,6440.299999999999
2497,6701.049999999999
2498,120.57
2500,2610.0
2501,1740.0
2502,299.0
2503,282.23
2504,3487.04
2505,313.33000000000004
2507,6902.09
2508,568.4
2509,5845.110000000001
2510,0.0
2511,144.0
2512,1740.0
2513,141.43
2514,290.0
2515,227.04
2516,0.0
2517,0.0
2518,2526.48
2520,0.0
2521,736.49
2522,0.0
2523,0.0
2524,0.0
2525,0.0
2526,0.0
2527,3374.43
2528,0.0
2529,0.0
2530,0.0
2531,1026.43
2532,4766.66
2533,176.29999999999998
2534,1067.2
2535,549.01
2536,2529.11
2537,0.0
2538,290.0
2539,399.0
2540,3352.4
2541,440.8
2543,44.0
2544,371.2
2545,92.94999999999999
2546,1364.66
2547,64.89
2548,4801.5
2549,213.44
2550,1400.65
2551,1000.0
2552,7447.08
2553,1681.77
2555,2784.0
2556,165.01999999999998
2557,4906.8
2558,75.43
2559,1941.18
2560,687.47
2561,-3406.92
2562,3406.92
2563,371.2
2565,130.13
2566,809.6800000000001
2567,303.92
2568,6884.32
2569,721.52
2570,0.0
2571,0.0
2572,73.86
2573,6349.200000000001
2574,144.0
2575,290.0
2576,5394.0
2577,591.6
2578,369.0
2579,62.35
2580,2784.0
2581,580.0
2582,1382.84
2585,0.0
2586,0.0
2587,696.0
2588,0.0
2589,1352.58
2591,261.29
2592,0.0
2593,0.0
2595,121.55
2596,90.84
2597,325.77
2598,877.42
2599,0.0
2600,2137.88
2602,1392.0
2603,0.0
2604,3985.27
2605,427.88
2606,555.28
2607,3248.0
2608,386.72
2609,0.0
2610,2258.52
2612,2320.0
2613,49.11
2614,417.6
2615,643.8
2616,5220.0
2617,36.57
2618,186.12
2619,291.39
2620,0.0
2621,0.0
2622,0.0
2623,0.0
2624,0.0
2626,103.81
2629,2784.0
2630,0.0
2633,3349.4700000000003
2634,133.47
2636,4462.58
2637,0.0
2638,112.2
2639,0.0
2640,410.03000000000003
2642,85.81
2644,5003.5599999999995
2646,3770.0
2647,6174.9800000000005
2648,0.0
2650,7540.0
2651,459.28000000000003
2652,0.0
2653,0.0
2654,899.0
2655,602.04
2656,0.0
2657,240.0
2658,1148.4
2659,0.0
2660,0.0
2661,108.0
2662,688.14
2663,240.0
2664,0.0
2665,0.0
2666,210.0
2667,267.0
2668,1602.0
2669,0.0
2670,609.0
2671,2262.0
2672,237.0
2673,335.99
2674,1135.0
2676,431.52
2680,0.0
2681,0.0
2682,638.0
2683,177.48
2684,904.8
2685,1957.24
2687,-1200.0
2688,418.01
2689,106.52
2690,945.42
2691,2815.8399999999997
2693,1774.8
2694,398.99
2696,2748.02
2698,380.48
2699,0.0
2700,0.0
2701,6349.200000000001
2703,357.05
2704,83.22
2706,580.0
2707,3950.0099999999998
2708,0.0
2709,119.02
2710,0.0
2711,4593.6
2712,0.0
2713,0.0
2714,1383.3
2715,0.0
2716,0.0
2718,0.0
2720,206.10000000000002
2721,654.24
2723,1666.75
2725,5036.49
2726,698.61
2727,2267.8
2728,2954.64
2729,65.50999999999999
2730,2472.09
2731,92.00999999999999
2733,0.0
2734,1365.01
2735,380.0
2736,3712.0
2737,208.8
2738,0.0
2739,57.07
2740,1190.0
2741,0.0
2742,0.0
2743,1423.4399999999998
2744,1592.68
2745,335.16
2746,0.0
2747,1077.06
2748,1310.8
2749,126.61000000000001
2750,4640.0
2751,4640.0
2752,2204.0
2753,51.04
2754,0.0
2755,0.0
2756,0.0
2757,823.6
2758,0.0
2759,0.0
2760,0.0
2763,0.0
2764,1290.0
2766,0.0
2768,3196.35
2769,0.0
2770,97.52
2771,290.0
2772,2010.4099999999999
2773,3224.8
2774,-350.0
2775,4695.6900000000005
2776,238.5
2778,0.0
2779,0.0
2780,0.0
2781,0.0
2782,0.0
2784,0.0
2785,0.0
2786,0.0
2787,207.95000000000002
2789,208.28
2790,6032.0
2791,280.56
2792,167.85
2793,0.0
2794,0.0
2795,192.0
2797,108.0
2798,0.0
2799,0.0
2800,0.0
2802,568.4
2803,365.4
2804,6439.6
2805,6440.299999999999
2806,0.0
2807,0.0
2808,0.0
2809,0.0
2810,99.5
2812,300.79
2813,210.89000000000001
2814,0.0
2815,549.01
2816,2531.69
2817,781.84
2818,4994.9800000000005
2819,417.6
2820,814.3199999999999
2821,0.0
2822,0.0
2823,2654.08
2824,0.0
2825,0.0
2826,0.0
2827,65.96
2828,119.73
2829,469.99
2830,185.6
2831,0.0
2832,136.73
2833,110.0
2834,0.0
2836,515.84
2837,165.3
2838,0.0
2839,0.0
2840,0.0
2841,399.0
2842,0.0
2844,2320.0
2845,4766.66
2846,0.0
2847,6612.0
2848,683.66
2849,1737.7199999999998
2850,120.55
2851,2552.0
2852,800.4
2853,457.99
2856,1783.99
2857,1839.9999999999998
2858,392.08
2859,446.02
2860,168.78
2861,2800.0
2862,323.76
2863,842.65
2864,134.73000000000002
2865,1400.65
2866,1404.0600000000002
2867,0.0
2868,0.0
2869,0.0
2870,0.0
2871,2969.6
2872,0.0
2873,0.0
2874,1000.0
2875,5161.540000000001
2876,6349.200000000001
2877,700.0
2878,1076.48
2879,332.15999999999997
2880,0.0
2881,100.0
2882,24.02
2883,7826.0
2884,0.0
2885,367.92
2886,108.0
2888,93.64
2889,950.0
2890,0.0
2891,0.0
2892,6490.2
2894,66.64
2895,0.0
2896,3087.5299999999997
2897,0.0
2898,224.02
2899,850.0
2900,1056.01
2901,1856.0
2902,2026.98
2905,559.0
2906,207.96
2907,1860.54
2908,160.34
2909,305.34000000000003
2910,270.16
2912,1754.5
2913,139.2
2914,394.4
2915,498.8
2916,1856.0
2917,144.11
2918,0.0
2919,1237.72
2920,0.0
2923,6960.0
2924,1825.18
2925,195.1
2926,41.56
2927,2781.1
2928,2382.64
2930,2786.32
2931,0.0
2932,0.0
2933,0.0
2934,0.0
2935,0.0
2936,0.0
2937,0.0
2938,0.0
2939,1660.4899999999998
2940,0.0
2941,1859.9999999999998
2944,0.0
2945,0.0
2946,0.0
2947,0.0
2948,0.0
2949,0.0
2950,2320.0
2951,1972.0
2952,144.0
2954,0.0
2955,1168.12
2956,-580.0
2957,233.38
2959,0.0
2960,200.0
2962,58.0
2963,0.0
2964,200.02
2965,567.5
2966,451.88
2967,2784.0
2968,835.2
2969,130.13
2970,188.0
2972,6067.67
2973,0.0
2974,2695.21
2975,503.49
2976,270.85
2979,0.0
2980,2436.0
2981,-207.95000000000002
2982,23.26
2983,1967.08
2984,375.65
2986,0.0
2987,0.0
2988,0.0
2989,0.0
2993,7656.0
2994,0.0
2995,0.0
2996,476.76
2997,347.49
2998,3094.67
2999,134.79999999999998
3000,3134.9
3002,5125.95
3003,0.0
3004,0.0
3005,7099.2
3006,0.0
3007,0.0
3008,0.0
3009,2654.08
3011,1114.0
3012,400.0
3013,227.36
3014,53.74
3015,398.99
3016,0.0
3017,308.0
3018,1954.37
3019,0.0
3020,6867.78
3021,6349.200000000001
3022,200.0
3023,72.0
3024,417.6
3025,69.6
3026,6960.0
3027,65.8
3028,1252.8
3029,169.33999999999997
3030,4695.6900000000005
3032,0.0
3033,0.0
3034,568.63
3035,0.0
3036,2475.92
3037,0.0
3038,294.64
3039,40.56
3040,2331.74
3041,0.0
3042,46.760000000000005
3043,226.2
3044,317.4
3045,1020.8
3046,313.2
3047,1666.75
3048,130.13
3049,2267.8
3052,-177.7
3054,330.01
3055,1218.0
3056,130.0
3057,3900.5
3058,509.4
3059,3554.24
3060,400.0
3061,2095.7599999999998
3062,273.09
3063,175.0
3065,2088.0
3067,1554.4
3069,813.88
3070,0.0
3071,3572.8
3072,2208.06
3073,0.0
3074,154.14999999999998
3075,240.0
3076,116.0
3077,1299.2
3078,0.0
3079,0.0
3080,0.0
3081,3238.8999999999996
3082,6124.8
3083,518.03
3084,1265.56
3085,0.0
3087,1624.0
3088,2389.6
3089,0.0
3090,0.0
3091,0.0
3093,500.0
3094,297.66
3095,200.0
3096,0.0
3097,0.0
3099,6712.9800000000005
3100,0.0
3101,0.0
3102,6439.6
3103,6440.299999999999
3104,27.400000000000002
3105,0.0
3106,0.0
3107,148.0
3108,300.0
3109,48.550000000000004
3110,1860.32
3111,3248.0
3112,0.0
3113,568.4
3114,208.8
3115,937.28
3116,3983.44
3117,0.0
3119,399.0
3120,0.0
3121,0.0
3122,0.0
3123,0.0
3124,835.0
3125,2480.0
3126,643.8
3127,1972.0
3128,1479.0
3130,0.0
3131,240.79
3132,1566.12
3134,0.0
3135,0.0
3136,580.0
3138,4302.9
3139,0.0
3140,151.6
3142,2494.8900000000003
3143,2459.2
3144,-250.0
3145,348.51
3146,850.0
3148,650.0
3149,5363.84
3150,417.6
3151,0.0
3152,1390.52
3153,55.800000000000004
3154,2525.58
3155,549.01
3157,0.0
3158,0.0
3159,2094.31
3160,1945.32
3161,0.0
3162,6349.200000000001
3163,4766.66
3164,812.0
3165,200.0
3166,954.5799999999999
3167,102.00999999999999
3168,439.0
3169,1228.06
3170,5233.05
3171,0.0
3172,392.08
3173,0.0
3174,0.0
3175,0.0
3176,410.55
3178,0.0
3179,0.0
3181,111.0
3182,0.0
3183,0.0
3185,300.0
3186,141.09
3187,169.0
3188,3190.0
3189,1429.0900000000001
3190,2321.16
3191,438.48
3192,0.0
3193,1312.5
3194,49.67
3196,0.0
3197,0.0
3198,2278.56
3199,3567.0
3200,1400.65
3203,818.08
3204,85.76
3205,160.07999999999998
3206,0.0
3207,5394.0
3208,139.2
3209,4060.0
3210,4875.579999999999
3211,767.49
3214,0.0
3215,4350.0
3216,1267.9499999999998
3217,208.8
3218,6380.0
3219,2436.0
3220,12.18
3221,0.0
3222,915.16
3223,0.0
3224,0.0
3225,0.0
3226,0.0
3227,0.0
3228,1769.0
3230,796.2700000000001
3231,0.0
3232,2006.8
3233,2320.0
3234,0.0
3235,0.0
3236,0.0
3237,58.07
3238,336.4
3239,284.32
3240,1862.96
3241,4276.6900000000005
3242,0.0
3243,644.4
3244,0.0
3245,210.0
3246,4696.37
3247,2506.76
3248,267.0
3249,36.0
3251,411.29
3252,3944.0
3253,389.76
3254,7656.0
3255,130.13
3256,139.2
3260,216.57
3261,0.0
3262,1669.47
3263,3229.44
3264,1044.0
3265,317.35999999999996
3266,1716.8
3267,42.410000000000004
3268,1026.02
3271,1276.0
3272,0.0
3273,5282.64
3275,2262.0
3277,1037.0
3278,1044.0
3279,0.0
3280,200.0
3281,2191.02
3282,0.0
3283,0.0
3284,278.28
3285,0.0
3286,0.0
3288,0.0
3289,-229.99000000000004
3290,0.0
3291,148.0
3292,215.48
3293,101.41
3294,7780.84
3296,0.0
3297,6349.200000000001
3298,2280.1
3300,51.14
3301,2836.28
3302,1837.44
3303,398.99
3304,2226.62
3305,28.0
3308,986.0
3310,13.3
3312,461.33
3313,1253.74
3314,25.21
3315,0.0
3316,-21.0
3317,4102.55
3318,0.0
3319,1666.75
3320,0.0
3321,0.0
3322,0.0
3323,2322.17
3324,0.0
3325,2639.0
3326,0.0
3327,0.0
3328,2267.8
3331,3238.8999999999996
3333,816.1099999999999
3334,0.0
3336,927.6
3337,150.0
3338,2650.3700000000003
3339,190.0
3340,0.0
